{
    "keep": {
        "days": false,
        "amount": 30
    },
    "auditLog": "/home/peace/workspace/upfirebackend/src/logs/error/.43f348f59fdd9f266922692323be0360e3ea30b2-audit.json",
    "files": [
        {
            "date": 1666644642757,
            "name": "/home/peace/workspace/upfirebackend/src/logs/error/2022-10-25.log",
            "hash": "1378f8adeab2029dce634d808207c96df3a42151e620eecd3ab30a6f6b6a8ed3"
        },
        {
            "date": 1667181097498,
            "name": "/home/peace/workspace/upfirebackend/src/logs/error/2022-10-31.log",
            "hash": "43bf7416564b86603ea71cd5cb42045332e75f60515aad00e08df6fdf96d0606"
        }
    ],
    "hashType": "sha256"
}