{
    "keep": {
        "days": false,
        "amount": 30
    },
    "auditLog": "/home/peace/workspace/upfirebackend/src/logs/debug/.355df9afde98c4fa9200d80f96d7da8ac0f3d7c1-audit.json",
    "files": [
        {
            "date": 1666644642755,
            "name": "/home/peace/workspace/upfirebackend/src/logs/debug/2022-10-25.log",
            "hash": "9ef97fc749d1c7d41cfb58a287498ddca23ff5059b1947673dede6eec4368ea4"
        },
        {
            "date": 1666710435908,
            "name": "/home/peace/workspace/upfirebackend/src/logs/debug/2022-10-26.log",
            "hash": "400ed0422267f089f3e6c4f5619ee28d35065184e40d578d661500f05eeb44f7"
        },
        {
            "date": 1667181097448,
            "name": "/home/peace/workspace/upfirebackend/src/logs/debug/2022-10-31.log",
            "hash": "57efec97fccccfbdab8dea9a644fa7bc6ebee1e52e7ed75cc5839d39ceea542d"
        }
    ],
    "hashType": "sha256"
}